<?xml version="1.0" encoding="UTF-8" standalone="yes"?>
<addon id="repository.matrix" name="Matrix Repository" version="1.0" provider-name="dundas56">
    <extension point="xbmc.addon.repository" name="Matrix Repository">
        <dir>
            <info compressed="false">https://raw.githubusercontent.com/dundas56/repository.matrix/master/zips/addons.xml</info>
            <checksum>https://raw.githubusercontent.com/dundas56/repository.matrix/master/zips/addons.xml.md5</checksum>
            <datadir zip="true">https://raw.githubusercontent.com/dundas56/repository.matrix/master/zips/</datadir>
        </dir>
    </extension>
    <extension point="xbmc.addon.metadata">
        <summary>Matrix Repository</summary>
        <description>The only repository you'll need for KODI</description>
        <disclaimer></disclaimer>
        <platform>all</platform>
        <assets>
            <icon>icon.png</icon>
            <fanart>fanart.jpg</fanart>
        </assets>
    </extension>
</addon>